{"SubTexture":[{"width":142,"y":205,"height":202,"name":"frame01","x":433},{"width":142,"y":1,"height":202,"name":"frame03","x":721},{"width":142,"y":1,"height":202,"name":"frame05","x":433},{"width":142,"y":205,"height":202,"name":"frame10","x":145},{"width":142,"y":1,"height":202,"name":"frame07","x":577},{"width":142,"y":1,"height":202,"name":"frame02","x":1},{"width":142,"y":205,"height":202,"name":"frame08","x":1},{"width":142,"y":205,"height":202,"name":"frame09","x":289},{"width":142,"y":1,"height":202,"name":"frame04","x":145},{"width":142,"y":1,"height":202,"name":"frame06","x":289},{"width":142,"y":205,"height":202,"name":"frame11","x":577}],"width":1024,"height":512,"name":"ALLINtoukuang","imagePath":"ALLINtoukuang_tex.png"}