{"frameRate":24,"isGlobal":0,"armature":[{"aabb":{"width":142,"y":-101,"height":202,"x":-71},"type":"Armature","bone":[{"name":"root","transform":{}},{"length":100,"transform":{"skX":-88.6844,"skY":-88.6844,"x":-2.3},"parent":"root","name":"frame01"}],"defaultActions":[{"gotoAndPlay":"newAnimation"}],"slot":[{"color":{},"name":"frame01","parent":"frame01"}],"animation":[{"duration":20,"frame":[],"bone":[{"frame":[{"duration":20,"transform":{}}],"name":"root"},{"frame":[{"duration":20,"transform":{}}],"name":"frame01"}],"slot":[{"frame":[{"tweenEasing":null,"duration":2},{"tweenEasing":0,"duration":2,"displayIndex":1},{"tweenEasing":0,"duration":2,"displayIndex":2},{"tweenEasing":0,"duration":2,"displayIndex":3},{"tweenEasing":0,"duration":2,"displayIndex":4},{"tweenEasing":0,"duration":2,"displayIndex":5},{"tweenEasing":0,"duration":2,"displayIndex":6},{"tweenEasing":0,"duration":2,"displayIndex":7},{"tweenEasing":0,"duration":2,"displayIndex":8},{"tweenEasing":0,"duration":2,"displayIndex":9},{"tweenEasing":0,"duration":0,"displayIndex":10}],"name":"frame01"}],"ffd":[],"ik":[],"playTimes":0,"name":"newAnimation"}],"ik":[],"frameRate":24,"name":"Armature","skin":[{"name":"","slot":[{"display":[{"path":"frame01","type":"image","name":"frame01","transform":{"y":2.2994,"skX":88.6844,"skY":88.6844,"x":0.0528}},{"path":"frame02","type":"image","name":"frame02","transform":{"y":2.2994,"skX":88.6844,"skY":88.6844,"x":0.0528}},{"path":"frame03","type":"image","name":"frame03","transform":{"y":2.2994,"skX":88.6844,"skY":88.6844,"x":0.0528}},{"path":"frame04","type":"image","name":"frame04","transform":{"y":2.2994,"skX":88.6844,"skY":88.6844,"x":0.0528}},{"path":"frame05","type":"image","name":"frame05","transform":{"y":2.2994,"skX":88.7849,"skY":88.7849,"x":0.0528}},{"path":"frame06","type":"image","name":"frame06","transform":{"y":2.2994,"skX":88.6844,"skY":88.6844,"x":0.0528}},{"path":"frame07","type":"image","name":"frame07","transform":{"y":2.2994,"skX":88.6844,"skY":88.6844,"x":0.0528}},{"path":"frame08","type":"image","name":"frame08","transform":{"y":2.2994,"skX":88.6844,"skY":88.6844,"x":0.0528}},{"path":"frame09","type":"image","name":"frame09","transform":{"y":2.2994,"skX":88.6844,"skY":88.6844,"x":0.0528}},{"path":"frame10","type":"image","name":"frame10","transform":{"y":2.2994,"skX":88.6844,"skY":88.6844,"x":0.0528}},{"path":"frame11","type":"image","name":"frame11","transform":{"y":2.2994,"skX":88.6844,"skY":88.6844,"x":0.0528}}],"name":"frame01"}]}]}],"name":"ALLINtoukuang","version":"5.0"}