{"frameRate":24,"isGlobal":0,"armature":[{"aabb":{"width":0,"y":0,"height":0,"x":0},"type":"MovieClip","bone":[{"name":"root","transform":{}},{"transform":{},"name":"renuw","parent":"root"},{"transform":{},"name":"guanga","parent":"root"},{"transform":{},"name":"dian","parent":"root"},{"transform":{},"name":"ben","parent":"root"},{"transform":{},"name":"dian1","parent":"root"},{"transform":{},"name":"dian2","parent":"root"}],"animation":[{"ik":[],"duration":50,"frame":[],"bone":[{"frame":[{"duration":50,"transform":{}}],"name":"root"},{"frame":[{"duration":50,"transform":{"y":40.8,"x":-4}}],"name":"renuw"},{"frame":[{"duration":24,"transform":{"scX":0.8,"scY":0.8,"x":4.1625},"tweenEasing":0},{"duration":26,"transform":{"scX":1.1,"scY":1.1,"skX":43.4483,"skY":43.4483,"x":4.1625},"tweenEasing":0},{"duration":0,"transform":{"scX":0.8,"scY":0.8,"skX":90,"skY":90,"x":4.1625}}],"name":"guanga"},{"frame":[{"duration":10,"transform":{"y":-2.112,"x":-47.9038},"tweenEasing":0},{"duration":10,"transform":{"y":-2.112,"x":-47.9038},"tweenEasing":0},{"duration":10,"transform":{"y":-2.112,"x":-47.9038},"tweenEasing":0},{"duration":10,"transform":{"y":-2.112,"x":-47.9038},"tweenEasing":0},{"duration":10,"transform":{"y":-2.112,"x":-47.9038},"tweenEasing":0},{"duration":0,"transform":{"y":-2.112,"x":-47.9038}}],"name":"dian"},{"frame":[{"duration":50,"transform":{}}],"name":"ben"},{"frame":[{"duration":10,"transform":{"y":38.3866,"x":42.0866},"tweenEasing":0},{"duration":10,"transform":{"y":38.3866,"x":42.0866},"tweenEasing":0},{"duration":10,"transform":{"y":38.3866,"x":42.0866},"tweenEasing":0},{"duration":10,"transform":{"y":38.3866,"x":42.0866},"tweenEasing":0},{"duration":10,"transform":{"y":38.3866,"x":42.0866},"tweenEasing":0},{"duration":0,"transform":{"y":38.3866,"x":42.0866}}],"name":"dian1"},{"frame":[{"duration":5,"transform":{"y":-23.1605,"x":55.2984},"tweenEasing":0},{"duration":10,"transform":{"y":-23.1605,"x":55.2984},"tweenEasing":0},{"duration":10,"transform":{"y":-23.1605,"x":55.2984},"tweenEasing":0},{"duration":10,"transform":{"y":-23.1605,"x":55.2984},"tweenEasing":0},{"duration":9,"transform":{"y":-23.1605,"x":55.2984},"tweenEasing":0},{"duration":6,"transform":{"y":-23.1605,"x":55.2984},"tweenEasing":0},{"duration":0,"transform":{"y":-23.1605,"x":55.2984}}],"name":"dian2"}],"slot":[{"frame":[{"tweenEasing":null,"duration":50}],"name":"renuw"},{"frame":[{"tweenEasing":0,"duration":24},{"tweenEasing":0,"duration":26},{"tweenEasing":null,"duration":0}],"name":"guanga"},{"frame":[{"tweenEasing":0,"duration":10},{"tweenEasing":0,"duration":10,"color":{"aM":0}},{"tweenEasing":0,"duration":10},{"tweenEasing":0,"duration":10,"color":{"aM":0}},{"tweenEasing":0,"duration":10},{"tweenEasing":null,"duration":0}],"name":"dian"},{"frame":[{"tweenEasing":null,"duration":50}],"name":"ben"},{"frame":[{"tweenEasing":0,"duration":10,"color":{"aM":0}},{"tweenEasing":0,"duration":10},{"tweenEasing":0,"duration":10,"color":{"aM":0}},{"tweenEasing":0,"duration":10},{"tweenEasing":0,"duration":10,"color":{"aM":0}},{"tweenEasing":null,"duration":0,"color":{"aM":0}}],"name":"dian1"},{"frame":[{"tweenEasing":0,"duration":5,"color":{"aM":42}},{"tweenEasing":0,"duration":10},{"tweenEasing":0,"duration":10,"color":{"aM":0}},{"tweenEasing":0,"duration":10},{"tweenEasing":0,"duration":9,"color":{"aM":0}},{"tweenEasing":0,"duration":6},{"tweenEasing":null,"duration":0,"color":{"aM":42}}],"name":"dian2"}],"ffd":[],"playTimes":0,"name":"newAnimation"}],"slot":[{"color":{},"name":"guanga","parent":"guanga","displayIndex":-1},{"z":1,"color":{},"name":"dian","parent":"dian","displayIndex":-1},{"z":2,"color":{},"name":"dian1","parent":"dian1","displayIndex":-1},{"z":3,"color":{},"name":"dian2","parent":"dian2","displayIndex":-1},{"z":4,"color":{},"name":"ben","parent":"ben","displayIndex":-1},{"z":5,"color":{},"name":"renuw","parent":"renuw","displayIndex":-1}],"frameRate":24,"defaultActions":[{"gotoAndPlay":"newAnimation"}],"ik":[],"name":"MovieClip","skin":[{"name":"","slot":[{"display":[{"path":"renuw","type":"image","name":"renuw","transform":{}}],"name":"renuw"},{"display":[{"path":"ben","type":"image","name":"ben","transform":{}}],"name":"ben"},{"display":[{"path":"guanga","type":"image","name":"guanga","transform":{}}],"name":"guanga"},{"display":[{"path":"dian","type":"image","name":"dian","transform":{}}],"name":"dian1"},{"display":[{"path":"dian","type":"image","name":"dian","transform":{}}],"name":"dian"},{"display":[{"path":"dian","type":"image","name":"dian","transform":{}}],"name":"dian2"}]}]}],"name":"renwu","version":"5.0"}