{"frameRate":24,"isGlobal":0,"armature":[{"aabb":{"width":2107.3065242687107,"y":-415.01032243962885,"height":830.2157000340552,"x":-1053.4790798485742},"type":"Armature","bone":[{"name":"root","transform":{}},{"length":117,"transform":{"scX":2.65,"scY":2,"skX":-90,"skY":-90,"x":-848.5791},"parent":"root","name":"bigFrame01"},{"length":117,"transform":{"scX":2.35,"y":416.8149,"scY":2,"skX":178.5162,"skY":178.5162,"x":-543.4717},"parent":"root","name":"bigFrame011"},{"length":117,"transform":{"scX":2.35,"y":416.8149,"scY":2,"skX":178.5162,"skY":178.5162,"x":630.6487},"parent":"root","name":"bigFrame0111"},{"length":117,"transform":{"scX":2.35,"y":416.8149,"scY":2,"skX":178.5162,"skY":178.5162,"x":62.1245},"parent":"root","name":"bigFrame01111"},{"length":117,"transform":{"scX":2.35,"y":-416.6082,"scY":2,"skX":-1.1407,"skY":-1.1407,"x":-2.0708},"parent":"root","name":"bigFrame011111"},{"length":117,"transform":{"scX":2.35,"y":-416.6082,"scY":2,"skX":-1.1407,"skY":-1.1407,"x":567.4815},"parent":"root","name":"bigFrame0111111"},{"length":117,"transform":{"scX":2.35,"y":-416.6082,"scY":2,"skX":-1.1407,"skY":-1.1407,"x":-650.8013},"parent":"root","name":"bigFrame01111111"},{"length":117,"transform":{"scX":2.65,"scY":2,"skX":90,"skY":90,"x":848.9274},"parent":"root","name":"bigFrame012"}],"defaultActions":[{"gotoAndPlay":"newAnimation"}],"slot":[{"color":{},"name":"bigFrame01","parent":"bigFrame01"},{"z":1,"color":{},"name":"bigFrame011","parent":"bigFrame011"},{"z":2,"color":{},"name":"bigFrame0111","parent":"bigFrame0111"},{"z":3,"color":{},"name":"bigFrame01111","parent":"bigFrame01111"},{"z":4,"color":{},"name":"bigFrame011111","parent":"bigFrame011111"},{"z":5,"color":{},"name":"bigFrame0111111","parent":"bigFrame0111111"},{"z":6,"color":{},"name":"bigFrame01111111","parent":"bigFrame01111111"},{"z":7,"color":{},"name":"bigFrame012","parent":"bigFrame012"}],"animation":[{"duration":18,"frame":[],"bone":[{"frame":[{"duration":18,"transform":{}}],"name":"root"},{"frame":[{"duration":18,"transform":{}}],"name":"bigFrame01"},{"frame":[{"duration":18,"transform":{}}],"name":"bigFrame011"},{"frame":[{"duration":18,"transform":{}}],"name":"bigFrame0111"},{"frame":[{"duration":18,"transform":{}}],"name":"bigFrame01111"},{"frame":[{"duration":18,"transform":{}}],"name":"bigFrame011111"},{"frame":[{"duration":18,"transform":{}}],"name":"bigFrame0111111"},{"frame":[{"duration":18,"transform":{}}],"name":"bigFrame01111111"},{"frame":[{"duration":18,"transform":{}}],"name":"bigFrame012"}],"slot":[{"frame":[{"tweenEasing":null,"duration":2},{"tweenEasing":0,"duration":2,"displayIndex":1},{"tweenEasing":0,"duration":2,"displayIndex":2},{"tweenEasing":0,"duration":2,"displayIndex":3},{"tweenEasing":0,"duration":2,"displayIndex":4},{"tweenEasing":0,"duration":2,"displayIndex":5},{"tweenEasing":0,"duration":2,"displayIndex":6},{"tweenEasing":0,"duration":2,"displayIndex":7},{"tweenEasing":0,"duration":2,"displayIndex":8},{"tweenEasing":0,"duration":0,"displayIndex":9}],"name":"bigFrame01"},{"frame":[{"tweenEasing":null,"duration":2,"displayIndex":2},{"tweenEasing":0,"duration":2,"displayIndex":3},{"tweenEasing":0,"duration":2,"displayIndex":4},{"tweenEasing":0,"duration":2,"displayIndex":5},{"tweenEasing":0,"duration":2,"displayIndex":6},{"tweenEasing":0,"duration":2,"displayIndex":7},{"tweenEasing":0,"duration":2,"displayIndex":8},{"tweenEasing":0,"duration":2,"displayIndex":9},{"tweenEasing":0,"duration":2},{"tweenEasing":0,"duration":0,"displayIndex":1}],"name":"bigFrame011"},{"frame":[{"tweenEasing":null,"duration":2,"displayIndex":6},{"tweenEasing":0,"duration":2,"displayIndex":7},{"tweenEasing":0,"duration":2,"displayIndex":8},{"tweenEasing":0,"duration":2,"displayIndex":9},{"tweenEasing":0,"duration":2},{"tweenEasing":0,"duration":2,"displayIndex":1},{"tweenEasing":0,"duration":2,"displayIndex":2},{"tweenEasing":0,"duration":2,"displayIndex":3},{"tweenEasing":0,"duration":2,"displayIndex":4},{"tweenEasing":0,"duration":0,"displayIndex":5}],"name":"bigFrame0111"},{"frame":[{"tweenEasing":null,"duration":2},{"tweenEasing":0,"duration":2,"displayIndex":1},{"tweenEasing":0,"duration":2,"displayIndex":2},{"tweenEasing":0,"duration":2,"displayIndex":3},{"tweenEasing":0,"duration":2,"displayIndex":4},{"tweenEasing":0,"duration":2,"displayIndex":5},{"tweenEasing":0,"duration":2,"displayIndex":6},{"tweenEasing":0,"duration":2,"displayIndex":7},{"tweenEasing":0,"duration":2,"displayIndex":8},{"tweenEasing":0,"duration":0,"displayIndex":9}],"name":"bigFrame01111"},{"frame":[{"tweenEasing":null,"duration":2,"displayIndex":8},{"tweenEasing":0,"duration":2,"displayIndex":9},{"tweenEasing":0,"duration":2},{"tweenEasing":0,"duration":2,"displayIndex":1},{"tweenEasing":0,"duration":2,"displayIndex":2},{"tweenEasing":0,"duration":2,"displayIndex":3},{"tweenEasing":0,"duration":2,"displayIndex":4},{"tweenEasing":0,"duration":2,"displayIndex":5},{"tweenEasing":0,"duration":2,"displayIndex":6},{"tweenEasing":0,"duration":0,"displayIndex":7}],"name":"bigFrame011111"},{"frame":[{"tweenEasing":null,"duration":2},{"tweenEasing":0,"duration":2,"displayIndex":1},{"tweenEasing":0,"duration":2,"displayIndex":2},{"tweenEasing":0,"duration":2,"displayIndex":3},{"tweenEasing":0,"duration":2,"displayIndex":4},{"tweenEasing":0,"duration":2,"displayIndex":5},{"tweenEasing":0,"duration":2,"displayIndex":6},{"tweenEasing":0,"duration":2,"displayIndex":7},{"tweenEasing":0,"duration":2,"displayIndex":8},{"tweenEasing":0,"duration":0,"displayIndex":9}],"name":"bigFrame0111111"},{"frame":[{"tweenEasing":null,"duration":2,"displayIndex":5},{"tweenEasing":0,"duration":2,"displayIndex":6},{"tweenEasing":0,"duration":2,"displayIndex":7},{"tweenEasing":0,"duration":2,"displayIndex":8},{"tweenEasing":0,"duration":2,"displayIndex":9},{"tweenEasing":0,"duration":2},{"tweenEasing":0,"duration":2,"displayIndex":1},{"tweenEasing":0,"duration":2,"displayIndex":2},{"tweenEasing":0,"duration":2,"displayIndex":3},{"tweenEasing":0,"duration":0,"displayIndex":4}],"name":"bigFrame01111111"},{"frame":[{"tweenEasing":null,"duration":2,"displayIndex":3},{"tweenEasing":0,"duration":2,"displayIndex":4},{"tweenEasing":0,"duration":2,"displayIndex":5},{"tweenEasing":0,"duration":2,"displayIndex":6},{"tweenEasing":0,"duration":2,"displayIndex":7},{"tweenEasing":0,"duration":2,"displayIndex":8},{"tweenEasing":0,"duration":2,"displayIndex":9},{"tweenEasing":0,"duration":2},{"tweenEasing":0,"duration":2,"displayIndex":1},{"tweenEasing":0,"duration":0,"displayIndex":2}],"name":"bigFrame012"}],"ffd":[],"ik":[],"playTimes":0,"name":"newAnimation"}],"ik":[],"frameRate":24,"name":"Armature","skin":[{"name":"","slot":[{"display":[{"path":"bigFrame01","type":"image","name":"bigFrame01","transform":{"y":11.5267,"skX":-178.5162,"skY":-178.5162,"x":-1.0488}},{"path":"bigFrame02","type":"image","name":"bigFrame02","transform":{"y":11.5267,"skX":-178.5162,"skY":-178.5162,"x":-1.0488}},{"path":"bigFrame03","type":"image","name":"bigFrame03","transform":{"y":11.5267,"skX":-178.5162,"skY":-178.5162,"x":-1.0488}},{"path":"bigFrame04","type":"image","name":"bigFrame04","transform":{"y":11.5267,"skX":-178.5162,"skY":-178.5162,"x":-1.0488}},{"path":"bigFrame05","type":"image","name":"bigFrame05","transform":{"y":11.5267,"skX":-178.5162,"skY":-178.5162,"x":-1.0488}},{"path":"bigFrame06","type":"image","name":"bigFrame06","transform":{"y":11.5267,"skX":-178.5162,"skY":-178.5162,"x":-1.0488}},{"path":"bigFrame07","type":"image","name":"bigFrame07","transform":{"y":11.5267,"skX":-178.5162,"skY":-178.5162,"x":-1.0488}},{"path":"bigFrame08","type":"image","name":"bigFrame08","transform":{"y":11.5267,"skX":-178.5162,"skY":-178.5162,"x":-1.0488}},{"path":"bigFrame09","type":"image","name":"bigFrame09","transform":{"y":11.5267,"skX":-178.5162,"skY":-178.5162,"x":-1.0488}},{"path":"bigFrame10","type":"image","name":"bigFrame10","transform":{"y":11.5267,"skX":-178.5162,"skY":-178.5162,"x":-1.0488}}],"name":"bigFrame01111"},{"display":[{"path":"bigFrame01","type":"image","name":"bigFrame01","transform":{"y":11.5267,"skX":-178.5162,"skY":-178.5162,"x":-1.0488}},{"path":"bigFrame02","type":"image","name":"bigFrame02","transform":{"y":11.5267,"skX":-178.5162,"skY":-178.5162,"x":-1.0488}},{"path":"bigFrame03","type":"image","name":"bigFrame03","transform":{"y":11.5267,"skX":-178.5162,"skY":-178.5162,"x":-1.0488}},{"path":"bigFrame04","type":"image","name":"bigFrame04","transform":{"y":11.5267,"skX":-178.5162,"skY":-178.5162,"x":-1.0488}},{"path":"bigFrame05","type":"image","name":"bigFrame05","transform":{"y":11.5267,"skX":-178.5162,"skY":-178.5162,"x":-1.0488}},{"path":"bigFrame06","type":"image","name":"bigFrame06","transform":{"y":11.5267,"skX":-178.5162,"skY":-178.5162,"x":-1.0488}},{"path":"bigFrame07","type":"image","name":"bigFrame07","transform":{"y":11.5267,"skX":-178.5162,"skY":-178.5162,"x":-1.0488}},{"path":"bigFrame08","type":"image","name":"bigFrame08","transform":{"y":11.5267,"skX":-178.5162,"skY":-178.5162,"x":-1.0488}},{"path":"bigFrame09","type":"image","name":"bigFrame09","transform":{"y":11.5267,"skX":-178.5162,"skY":-178.5162,"x":-1.0488}},{"path":"bigFrame10","type":"image","name":"bigFrame10","transform":{"y":11.5267,"skX":-178.5162,"skY":-178.5162,"x":-1.0488}}],"name":"bigFrame01111111"},{"display":[{"path":"bigFrame01","type":"image","name":"bigFrame01","transform":{"y":11.5267,"skX":-178.5162,"skY":-178.5162,"x":-1.0488}},{"path":"bigFrame02","type":"image","name":"bigFrame02","transform":{"y":11.5267,"skX":-178.5162,"skY":-178.5162,"x":-1.0488}},{"path":"bigFrame03","type":"image","name":"bigFrame03","transform":{"y":11.5267,"skX":-178.5162,"skY":-178.5162,"x":-1.0488}},{"path":"bigFrame04","type":"image","name":"bigFrame04","transform":{"y":11.5267,"skX":-178.5162,"skY":-178.5162,"x":-1.0488}},{"path":"bigFrame05","type":"image","name":"bigFrame05","transform":{"y":11.5267,"skX":-178.5162,"skY":-178.5162,"x":-1.0488}},{"path":"bigFrame06","type":"image","name":"bigFrame06","transform":{"y":11.5267,"skX":-178.5162,"skY":-178.5162,"x":-1.0488}},{"path":"bigFrame07","type":"image","name":"bigFrame07","transform":{"y":11.5267,"skX":-178.5162,"skY":-178.5162,"x":-1.0488}},{"path":"bigFrame08","type":"image","name":"bigFrame08","transform":{"y":11.5267,"skX":-178.5162,"skY":-178.5162,"x":-1.0488}},{"path":"bigFrame09","type":"image","name":"bigFrame09","transform":{"y":11.5267,"skX":-178.5162,"skY":-178.5162,"x":-1.0488}},{"path":"bigFrame10","type":"image","name":"bigFrame10","transform":{"y":11.5267,"skX":-178.5162,"skY":-178.5162,"x":-1.0488}}],"name":"bigFrame011111"},{"display":[{"path":"bigFrame01","type":"image","name":"bigFrame01","transform":{"y":11.5267,"skX":-178.5162,"skY":-178.5162,"x":-1.0488}},{"path":"bigFrame02","type":"image","name":"bigFrame02","transform":{"y":11.5267,"skX":-178.5162,"skY":-178.5162,"x":-1.0488}},{"path":"bigFrame03","type":"image","name":"bigFrame03","transform":{"y":11.5267,"skX":-178.5162,"skY":-178.5162,"x":-1.0488}},{"path":"bigFrame04","type":"image","name":"bigFrame04","transform":{"y":11.5267,"skX":-178.5162,"skY":-178.5162,"x":-1.0488}},{"path":"bigFrame05","type":"image","name":"bigFrame05","transform":{"y":11.5267,"skX":-178.5162,"skY":-178.5162,"x":-1.0488}},{"path":"bigFrame06","type":"image","name":"bigFrame06","transform":{"y":11.5267,"skX":-178.5162,"skY":-178.5162,"x":-1.0488}},{"path":"bigFrame07","type":"image","name":"bigFrame07","transform":{"y":11.5267,"skX":-178.5162,"skY":-178.5162,"x":-1.0488}},{"path":"bigFrame08","type":"image","name":"bigFrame08","transform":{"y":11.5267,"skX":-178.5162,"skY":-178.5162,"x":-1.0488}},{"path":"bigFrame09","type":"image","name":"bigFrame09","transform":{"y":11.5267,"skX":-178.5162,"skY":-178.5162,"x":-1.0488}},{"path":"bigFrame10","type":"image","name":"bigFrame10","transform":{"y":11.5267,"skX":-178.5162,"skY":-178.5162,"x":-1.0488}}],"name":"bigFrame0111111"},{"display":[{"path":"bigFrame01","type":"image","name":"bigFrame01","transform":{"y":11.55,"skX":180,"skY":180,"x":-0.75}},{"path":"bigFrame02","type":"image","name":"bigFrame02","transform":{"y":11.55,"skX":180,"skY":180,"x":-0.75}},{"path":"bigFrame03","type":"image","name":"bigFrame03","transform":{"y":11.55,"skX":180,"skY":180,"x":-0.75}},{"path":"bigFrame04","type":"image","name":"bigFrame04","transform":{"y":11.55,"skX":180,"skY":180,"x":-0.75}},{"path":"bigFrame05","type":"image","name":"bigFrame05","transform":{"y":11.55,"skX":180,"skY":180,"x":-0.75}},{"path":"bigFrame06","type":"image","name":"bigFrame06","transform":{"y":11.55,"skX":180,"skY":180,"x":-0.75}},{"path":"bigFrame07","type":"image","name":"bigFrame07","transform":{"y":11.55,"skX":180,"skY":180,"x":-0.75}},{"path":"bigFrame08","type":"image","name":"bigFrame08","transform":{"y":11.55,"skX":180,"skY":180,"x":-0.75}},{"path":"bigFrame09","type":"image","name":"bigFrame09","transform":{"y":11.55,"skX":180,"skY":180,"x":-0.75}},{"path":"bigFrame10","type":"image","name":"bigFrame10","transform":{"y":11.55,"skX":180,"skY":180,"x":-0.75}}],"name":"bigFrame01"},{"display":[{"path":"bigFrame01","type":"image","name":"bigFrame01","transform":{"y":11.5267,"skX":-178.5162,"skY":-178.5162,"x":-1.0488}},{"path":"bigFrame02","type":"image","name":"bigFrame02","transform":{"y":11.5267,"skX":-178.5162,"skY":-178.5162,"x":-1.0488}},{"path":"bigFrame03","type":"image","name":"bigFrame03","transform":{"y":11.5267,"skX":-178.5162,"skY":-178.5162,"x":-1.0488}},{"path":"bigFrame04","type":"image","name":"bigFrame04","transform":{"y":11.5267,"skX":-178.5162,"skY":-178.5162,"x":-1.0488}},{"path":"bigFrame05","type":"image","name":"bigFrame05","transform":{"y":11.5267,"skX":-178.5162,"skY":-178.5162,"x":-1.0488}},{"path":"bigFrame06","type":"image","name":"bigFrame06","transform":{"y":11.5267,"skX":-178.5162,"skY":-178.5162,"x":-1.0488}},{"path":"bigFrame07","type":"image","name":"bigFrame07","transform":{"y":11.5267,"skX":-178.5162,"skY":-178.5162,"x":-1.0488}},{"path":"bigFrame08","type":"image","name":"bigFrame08","transform":{"y":11.5267,"skX":-178.5162,"skY":-178.5162,"x":-1.0488}},{"path":"bigFrame09","type":"image","name":"bigFrame09","transform":{"y":11.5267,"skX":-178.5162,"skY":-178.5162,"x":-1.0488}},{"path":"bigFrame10","type":"image","name":"bigFrame10","transform":{"y":11.5267,"skX":-178.5162,"skY":-178.5162,"x":-1.0488}}],"name":"bigFrame011"},{"display":[{"path":"bigFrame01","type":"image","name":"bigFrame01","transform":{"y":11.55,"skX":180,"skY":180,"x":-0.75}},{"path":"bigFrame02","type":"image","name":"bigFrame02","transform":{"y":11.55,"skX":180,"skY":180,"x":-0.75}},{"path":"bigFrame03","type":"image","name":"bigFrame03","transform":{"y":11.55,"skX":180,"skY":180,"x":-0.75}},{"path":"bigFrame04","type":"image","name":"bigFrame04","transform":{"y":11.55,"skX":180,"skY":180,"x":-0.75}},{"path":"bigFrame05","type":"image","name":"bigFrame05","transform":{"y":11.55,"skX":180,"skY":180,"x":-0.75}},{"path":"bigFrame06","type":"image","name":"bigFrame06","transform":{"y":11.55,"skX":180,"skY":180,"x":-0.75}},{"path":"bigFrame07","type":"image","name":"bigFrame07","transform":{"y":11.55,"skX":180,"skY":180,"x":-0.75}},{"path":"bigFrame08","type":"image","name":"bigFrame08","transform":{"y":11.55,"skX":180,"skY":180,"x":-0.75}},{"path":"bigFrame09","type":"image","name":"bigFrame09","transform":{"y":11.55,"skX":180,"skY":180,"x":-0.75}},{"path":"bigFrame10","type":"image","name":"bigFrame10","transform":{"y":11.55,"skX":180,"skY":180,"x":-0.75}}],"name":"bigFrame012"},{"display":[{"path":"bigFrame01","type":"image","name":"bigFrame01","transform":{"y":11.5267,"skX":-178.5162,"skY":-178.5162,"x":-1.0488}},{"path":"bigFrame02","type":"image","name":"bigFrame02","transform":{"y":11.5267,"skX":-178.5162,"skY":-178.5162,"x":-1.0488}},{"path":"bigFrame03","type":"image","name":"bigFrame03","transform":{"y":11.5267,"skX":-178.5162,"skY":-178.5162,"x":-1.0488}},{"path":"bigFrame04","type":"image","name":"bigFrame04","transform":{"y":11.5267,"skX":-178.5162,"skY":-178.5162,"x":-1.0488}},{"path":"bigFrame05","type":"image","name":"bigFrame05","transform":{"y":11.5267,"skX":-178.5162,"skY":-178.5162,"x":-1.0488}},{"path":"bigFrame06","type":"image","name":"bigFrame06","transform":{"y":11.5267,"skX":-178.5162,"skY":-178.5162,"x":-1.0488}},{"path":"bigFrame07","type":"image","name":"bigFrame07","transform":{"y":11.5267,"skX":-178.5162,"skY":-178.5162,"x":-1.0488}},{"path":"bigFrame08","type":"image","name":"bigFrame08","transform":{"y":11.5267,"skX":-178.5162,"skY":-178.5162,"x":-1.0488}},{"path":"bigFrame09","type":"image","name":"bigFrame09","transform":{"y":11.5267,"skX":-178.5162,"skY":-178.5162,"x":-1.0488}},{"path":"bigFrame10","type":"image","name":"bigFrame10","transform":{"y":11.5267,"skX":-178.5162,"skY":-178.5162,"x":-1.0488}}],"name":"bigFrame0111"}]}]}],"name":"ALLINquanpin","version":"5.0"}