{"SubTexture":[{"width":455,"y":1,"height":44,"name":"bigFrame05","x":1},{"width":453,"y":139,"height":44,"name":"bigFrame10","x":1},{"width":454,"y":47,"height":44,"name":"bigFrame04","x":1},{"width":454,"y":93,"height":44,"name":"bigFrame09","x":1},{"width":454,"y":321,"height":43,"name":"bigFrame03","x":1},{"width":455,"y":276,"height":43,"name":"bigFrame08","x":1},{"width":451,"y":185,"height":44,"name":"bigFrame02","x":1},{"width":452,"y":411,"height":42,"name":"bigFrame07","x":1},{"width":456,"y":231,"height":43,"name":"bigFrame01","x":1},{"width":453,"y":366,"height":43,"name":"bigFrame06","x":1}],"width":512,"height":512,"name":"ALLINquanpin","imagePath":"ALLINquanpin_tex.png"}