{"frameRate":24,"isGlobal":0,"armature":[{"aabb":{"width":0,"y":0,"height":0,"x":0},"type":"MovieClip","bone":[{"name":"root","transform":{}},{"transform":{},"name":"tiaoguang","parent":"root"},{"transform":{},"name":"jin","parent":"root"},{"transform":{},"name":"WIN","parent":"root"},{"transform":{},"name":"guang","parent":"root"},{"transform":{},"name":"jin1","parent":"root"},{"transform":{},"name":"WINw2","parent":"root"},{"transform":{},"name":"1476e","parent":"root"}],"animation":[{"ik":[],"duration":12,"frame":[],"bone":[{"frame":[{"duration":12,"transform":{}}],"name":"root"},{"frame":[{"duration":3,"transform":{}},{"duration":3,"transform":{"scX":0.2,"y":28.0968},"tweenEasing":0},{"duration":6,"transform":{"y":28.0968},"tweenEasing":0},{"duration":0,"transform":{"scX":3.25,"y":28.0968}}],"name":"tiaoguang"},{"frame":[{"duration":1,"transform":{}},{"duration":4,"transform":{"y":25.8194,"skX":35.8274,"skY":35.8274,"x":-8.9048},"tweenEasing":0},{"duration":2,"transform":{"y":25.8194,"skX":-5.6181,"skY":-5.6181,"x":-85.5113},"tweenEasing":0},{"duration":5,"transform":{"y":25.8194,"x":-84.7113}}],"name":"jin"},{"frame":[{"duration":5,"transform":{"scX":3.2,"scY":3.2},"tweenEasing":0},{"duration":2,"transform":{"scX":0.9,"scY":0.9},"tweenEasing":0},{"duration":1,"transform":{},"tweenEasing":0},{"duration":1,"transform":{"scX":0.95,"scY":0.95},"tweenEasing":0},{"duration":3,"transform":{}}],"name":"WIN"},{"frame":[{"duration":1,"transform":{}},{"duration":4,"transform":{"scX":0.2,"scY":0.2},"tweenEasing":0},{"duration":7,"transform":{}}],"name":"guang"},{"frame":[{"duration":1,"transform":{}},{"duration":4,"transform":{"scX":-1,"y":25.0726,"skX":-42.2852,"skY":-42.2852,"x":8.8935},"tweenEasing":0},{"duration":2,"transform":{"scX":-1,"y":25.0726,"skX":7.8412,"skY":7.8412,"x":91.9516},"tweenEasing":0},{"duration":5,"transform":{"scX":-1,"y":25.0726,"x":91.1516}}],"name":"jin1"},{"frame":[{"duration":1,"transform":{}},{"duration":4,"transform":{"scX":0.7,"scY":0.7},"tweenEasing":0},{"duration":6,"transform":{},"tweenEasing":0},{"duration":1,"transform":{"scX":1.95,"scY":1.95}}],"name":"WINw2"},{"frame":[{"duration":2,"transform":{}},{"duration":3,"transform":{"scX":4.53,"y":-3.1301,"scY":1.726,"x":-2.3984},"tweenEasing":0},{"duration":7,"transform":{"scX":3.15,"y":-3.1301,"scY":1.2,"x":-2.3984},"tweenEasing":0},{"duration":0,"transform":{"scX":3.9375,"y":-3.1301,"scY":1.5,"x":-2.3984}}],"name":"1476e"}],"slot":[{"frame":[{"duration":3,"displayIndex":-1,"tweenEasing":null},{"tweenEasing":0,"duration":3},{"tweenEasing":0,"duration":6},{"tweenEasing":null,"duration":0,"color":{"aM":0}}],"name":"tiaoguang"},{"frame":[{"duration":1,"displayIndex":-1,"tweenEasing":null},{"tweenEasing":0,"duration":4},{"tweenEasing":0,"duration":2},{"tweenEasing":null,"duration":5}],"name":"jin"},{"frame":[{"tweenEasing":0,"duration":5,"color":{"aM":0}},{"tweenEasing":0,"duration":2},{"tweenEasing":0,"duration":1},{"tweenEasing":0,"duration":1},{"tweenEasing":null,"duration":3}],"name":"WIN"},{"frame":[{"duration":1,"displayIndex":-1,"tweenEasing":null},{"tweenEasing":0,"duration":4},{"tweenEasing":null,"duration":7}],"name":"guang"},{"frame":[{"duration":1,"displayIndex":-1,"tweenEasing":null},{"tweenEasing":0,"duration":4},{"tweenEasing":0,"duration":2},{"tweenEasing":null,"duration":5}],"name":"jin1"},{"frame":[{"duration":1,"displayIndex":-1,"tweenEasing":null},{"tweenEasing":0,"duration":4,"color":{"aM":0}},{"tweenEasing":0,"duration":6},{"tweenEasing":null,"duration":1,"color":{"aM":0}}],"name":"WINw2"},{"frame":[{"duration":2,"displayIndex":-1,"tweenEasing":null},{"tweenEasing":0,"duration":3,"color":{"aM":13}},{"tweenEasing":0,"duration":7},{"tweenEasing":null,"duration":0,"color":{"aM":0}}],"name":"1476e"}],"ffd":[],"playTimes":0,"name":"newAnimation"}],"slot":[{"color":{},"name":"guang","parent":"guang","displayIndex":-1},{"z":1,"color":{},"name":"jin","parent":"jin","displayIndex":-1},{"z":2,"color":{},"name":"jin1","parent":"jin1","displayIndex":-1},{"z":3,"color":{},"name":"WIN","parent":"WIN","displayIndex":-1},{"z":4,"color":{},"name":"1476e","parent":"1476e","displayIndex":-1},{"z":5,"color":{},"name":"WINw2","parent":"WINw2","displayIndex":-1},{"z":6,"color":{},"name":"tiaoguang","parent":"tiaoguang","displayIndex":-1}],"frameRate":24,"defaultActions":[{"gotoAndPlay":"newAnimation"}],"ik":[],"name":"MovieClip","skin":[{"name":"","slot":[{"display":[{"path":"WIN","type":"image","name":"WIN","transform":{}}],"name":"WIN"},{"display":[{"path":"1476e","type":"image","name":"1476e","transform":{}}],"name":"1476e"},{"display":[{"path":"jin","type":"image","name":"jin","transform":{"y":-21.8145,"x":-9.6774}}],"name":"jin1"},{"display":[{"path":"guang","type":"image","name":"guang","transform":{}}],"name":"guang"},{"display":[{"path":"jin","type":"image","name":"jin","transform":{"y":-20.3226,"x":-10.2823}}],"name":"jin"},{"display":[{"path":"WINw2","type":"image","name":"WINw2","transform":{}}],"name":"WINw2"},{"display":[{"path":"tiaoguang","type":"image","name":"tiaoguang","transform":{}}],"name":"tiaoguang"}]}]}],"name":"WIN","version":"5.0"}